matern32,,,,SquaredExp,,,,RationalQuad,,,,Matern52,,,,Gamma,,,,Ensemble,,,
Evaluation , Proposed point ,  Current eval. , Best eval.,Evaluation , Proposed point ,  Current eval. , Best eval.,Evaluation , Proposed point ,  Current eval. , Best eval.,Evaluation , Proposed point ,  Current eval. , Best eval.,Evaluation , Proposed point ,  Current eval. , Best eval.,Evaluation , Proposed point ,  Current eval. , Best eval.
init   , [ 0.37454012  0.95071431]. ,0.180392715040773,1.15219928767802,init   , [ 0.9612079   0.11654669]. ,0.188999438075583,0.594524035177655,init   , [ 0.78747693  0.92423783]. ,0.078169261654495,0.704716144231938,init   , [ 0.37454012  0.95071431]. ,0.180392715040773,1.15219928767802,init   , [ 0.9612079   0.11654669]. ,0.188999438075583,0.594524035177655,init   , [ 0.78747693  0.92423783]. ,0.078169261654495,0.704716144231938
init   , [ 0.73199394  0.59865848]. ,0.237662212156733,1.15219928767802,init   , [ 0.70956772  0.23034416]. ,0.554359559940384,0.594524035177655,init   , [ 0.16313511  0.42787448]. ,0.704716144231938,0.704716144231938,init   , [ 0.73199394  0.59865848]. ,0.237662212156733,1.15219928767802,init   , [ 0.70956772  0.23034416]. ,0.554359559940384,0.594524035177655,init   , [ 0.16313511  0.42787448]. ,0.704716144231938,0.704716144231938
init   , [ 0.15601864  0.15599452]. ,1.15219928767802,1.15219928767802,init   , [ 0.41447673  0.03286273]. ,0.594524035177655,0.594524035177655,init   , [ 0.4332104   0.35447225]. ,0.560689394049956,0.704716144231938,init   , [ 0.15601864  0.15599452]. ,1.15219928767802,1.15219928767802,init   , [ 0.41447673  0.03286273]. ,0.594524035177655,0.594524035177655,init   , [ 0.4332104   0.35447225]. ,0.560689394049956,0.704716144231938
1, [ 0.  0.]. ,0.766420591285,1.15219928768,1, [ 0.14734871  0.89519381]. ,0.271508273272,0.594524035178,1, [ 0.  0.]. ,0.766420591285,0.766420591285,1, [ -1.11022302e-16   0.00000000e+00]. ,0.766420591285,1.15219928768,1, [ 0.0205797   0.54766627]. ,0.441378179687,0.594524035178,1, [ 0.  0.]. ,0.766420591285,0.766420591285
2, [ 0.45241365  0.        ]. ,0.502000060636,1.15219928768,2, [ 0.44046074  0.39567659]. ,0.489049186409,0.594524035178,2, [ 0.  1.]. ,0.270337161488,0.766420591285,2, [ 0.47195339  0.        ]. ,0.472836988895,1.15219928768,2, [ 0.  0.]. ,0.766420591285,0.766420591285,2, [ 0.          0.24586777]. ,0.805732177285,0.805732177285
3, [ 0.03619381  0.37196087]. ,0.704796908996,1.15219928768,3, [ 0.7503597  1.       ]. ,0.0809640959399,0.594524035178,3, [ 0.          0.23278233]. ,0.814529285657,0.814529285657,3, [ 0.05067721  0.38676319]. ,0.697727501295,1.15219928768,3, [ 0.13296761  0.16383733]. ,1.12642435147,1.12642435147,3, [ 0.  1.]. ,0.270337161488,0.805732177285
4, [ 0.22520494  0.20663416]. ,1.21430266571,1.21430266571,4, [ 0.56891277  0.        ]. ,0.361948518867,0.594524035178,4, [ 1.  0.]. ,0.107557552258,0.814529285657,4, [ 0.22232091  0.19276355]. ,1.21234074626,1.21234074626,4, [ 0.19651445  0.23637069]. ,1.20661896706,1.20661896706,4, [ 0.14300246  0.13889441]. ,1.11217522174,1.11217522174
5, [ 0.28148469  0.27823956]. ,1.06818781342,1.21430266571,5, [ 0.  0.]. ,0.766420591285,0.766420591285,5, [ 0.10907347  0.14933033]. ,1.06731011523,1.06731011523,5, [ 0.25385942  0.22754237]. ,1.17974175985,1.21234074626,5, [ 0.1321457   0.25474296]. ,1.11227979098,1.20661896706,5, [ 0.31431056  0.        ]. ,0.736208286077,1.11217522174
6, [ 0.23229934  0.17027339]. ,1.18844627075,1.21430266571,6, [ 1.          0.53451045]. ,0.135548632759,0.766420591285,6, [ 0.29595461  0.        ]. ,0.763651981411,1.06731011523,6, [ 0.23613325  0.15603556]. ,1.1674907622,1.21234074626,6, [ 0.26956057  0.28514851]. ,1.07723733634,1.20661896706,6, [ 0.19349548  0.17554357]. ,1.20309219547,1.20309219547
7, [ 0.20239112  0.20720125]. ,1.21982667583,1.21982667583,7, [  3.86902856e-02  -1.38777878e-17]. ,0.793403268199,0.793403268199,7, [ 0.16308655  0.15559108]. ,1.15977747757,1.15977747757,7, [ 0.20334645  0.21210476]. ,1.21967481427,1.21967481427,7, [ 0.21552654  0.18421413]. ,1.21022993845,1.21022993845,7, [ 0.23902755  0.20256602]. ,1.20268886725,1.20309219547
8, [ 1.  1.]. ,0.0358695923861,1.21982667583,8, [ 0.13325651  0.01755272]. ,0.878779785044,0.878779785044,8, [ 1.  1.]. ,0.0358695923861,1.15977747757,8, [ 1.  1.]. ,0.0358695923861,1.21967481427,8, [ 0.23472601  0.21791235]. ,1.20603362037,1.21022993845,8, [ 0.20045092  0.21774067]. ,1.21813622926,1.21813622926
9, [ 1.  0.]. ,0.107557552258,1.21982667583,9, [ 0.          0.26818806]. ,0.786683881548,0.878779785044,9, [ 0.23294806  0.18974001]. ,1.20366358249,1.20366358249,9, [ 0.98371241  0.23917119]. ,0.252472979216,1.21967481427,9, [ 0.18250645  0.20139097]. ,1.21126978096,1.21126978096,9, [ 0.21353493  0.19504281]. ,1.21660847232,1.21813622926
10, [ 0.20757486  0.19889235]. ,1.21875380529,1.21982667583,10, [ 0.11064495  0.1245254 ]. ,1.03977331432,1.03977331432,10, [ 0.18462854  0.97528977]. ,0.244100544375,1.20366358249,10, [ 0.04195122  0.96848878]. ,0.273068634005,1.21967481427,10, [ 0.20457135  0.13462336]. ,1.14819317862,1.21126978096,10, [ 0.22674203  0.24043502]. ,1.1981609001,1.21813622926
11, [ 0.20879858  0.21119704]. ,1.21977226272,1.21982667583,11, [ 0.16258631  0.16283215]. ,1.16776151885,1.16776151885,11, [ 0.23307229  0.24102926]. ,1.19304277448,1.20366358249,11, [ 0.20136378  0.25862083]. ,1.18183640453,1.21967481427,11, [ 0.26489833  0.18288383]. ,1.15774691475,1.21126978096,11, [ 0.17079538  0.20973252]. ,1.2015799797,1.21813622926
12, [ 0.20750936  0.20692939]. ,1.21997748637,1.21997748637,12, [ 0.98009519  0.95116525]. ,0.0403686045648,1.16776151885,12, [ 0.22989265  0.20045401]. ,1.21027386904,1.21027386904,12, [ 0.82119828  0.00156511]. ,0.213069226987,1.21967481427,12, [ 0.68814015  1.        ]. ,0.0959907368923,1.21126978096,12, [ 0.23294989  0.16562686]. ,1.18269368301,1.21813622926
13, [ 0.19432912  0.2206786 ]. ,1.21550220121,1.21997748637,13, [ 0.88973898  0.57830665]. ,0.19206907522,1.16776151885,13, [ 0.98452795  0.39753514]. ,0.258783883738,1.21027386904,13, [ 0.97898112  0.6034931 ]. ,0.105532922862,1.21967481427,13, [ 0.2079284  0.2105335]. ,1.21988776397,1.21988776397,13, [ 0.21971092  0.21505993]. ,1.21647365049,1.21813622926
14, [ 0.20595697  0.20818906]. ,1.22003226479,1.22003226479,14, [  7.74360386e-01   5.09989016e-04]. ,0.239214021203,1.16776151885,14, [ 0.24305789  0.22266962]. ,1.19600946619,1.21027386904,14, [ 0.00436327  0.16695309]. ,0.84086400901,1.21967481427,14, [ 0.18512183  0.17297039]. ,1.19703358475,1.21988776397,14, [ 0.18945976  0.24327802]. ,1.19725113729,1.21813622926
15, [ 0.20607395  0.20806179]. ,1.22003246621,1.22003246621,15, [ 0.09452876  0.47292012]. ,0.564463619119,1.16776151885,15, [ 0.56615008  0.99581622]. ,0.128176676453,1.21027386904,15, [ 0.26532614  0.60155388]. ,0.350711289898,1.21967481427,15, [ 0.19922533  0.27662819]. ,1.15057142909,1.21988776397,15, [ 0.19424514  0.19940305]. ,1.21694463211,1.21813622926
16, [ 0.20612671  0.20800503]. ,1.22003225718,1.22003246621,16, [ 0.28804401  0.79077681]. ,0.222995177392,1.16776151885,16, [ 0.20093872  0.19502171]. ,1.2172301556,1.2172301556,16, [ 0.63024722  0.24838361]. ,0.522195952611,1.21967481427,16, [ 0.16541355  0.22212408]. ,1.19243289751,1.21988776397,16, [ 0.26220383  0.22293451]. ,1.16890303883,1.21813622926
17, [ 0.20615077  0.20798082]. ,1.22003210419,1.22003246621,17, [ 0.58610712  0.31902727]. ,0.507120006968,1.16776151885,17, [ 0.27084404  0.14947046]. ,1.10975644261,1.2172301556,17, [ 0.16988101  0.1949752 ]. ,1.19886304883,1.21967481427,17, [ 0.22493379  0.24294806]. ,1.19674417968,1.21988776397,17, [ 0.20764257  0.20658872]. ,1.21995751344,1.21995751344
18, [ 0.20616002  0.20796932]. ,1.22003203039,1.22003246621,18, [ 0.90922393  0.91130816]. ,0.0538659355721,1.16776151885,18, [ 0.15700406  0.24542876]. ,1.16398020515,1.2172301556,18, [ 0.2187098   0.18283778]. ,1.20810809795,1.21967481427,18, [ 0.01892658  0.21477659]. ,0.868352675408,1.21988776397,18, [ 0.17227267  0.18547109]. ,1.19690595848,1.21995751344
19, [ 0.20616623  0.20796268]. ,1.22003198005,1.22003246621,19, [ 0.63192428  0.11042764]. ,0.384942534537,1.16776151885,19, [ 0.99997215  0.80070713]. ,0.0451002790987,1.2172301556,19, [ 0.59691069  0.9995577 ]. ,0.119842706452,1.21967481427,19, [ 0.23331197  0.19540014]. ,1.20598972887,1.21988776397,19, [ 0.20959234  0.22954133]. ,1.21301843759,1.21995751344
20, [ 0.20616757  0.20795857]. ,1.22003196135,1.22003246621,20, [ 0.50676286  0.75452368]. ,0.0119550479532,1.16776151885,20, [ 0.19789269  0.21683892]. ,1.21783919921,1.21783919921,20, [ 0.22431856  0.22607907]. ,1.21022589421,1.21967481427,20, [ 0.26732462  0.22641058]. ,1.15834272557,1.21988776397,20, [ 0.21342771  0.18006276]. ,1.20772744386,1.21995751344
21, [ -6.93889390e-18   1.00000000e+00]. ,0.270337161488,1.22003246621,21, [ 0.01703146  0.58210768]. ,0.414342020868,1.16776151885,21, [ 0.19791755  0.23865935]. ,1.20500593339,1.21783919921,21, [ 0.41119048  0.42748645]. ,0.476766218929,1.21967481427,21, [ 0.1596429  0.1924479]. ,1.18621056379,1.21988776397,21, [ 0.1867679   0.21854881]. ,1.21267558455,1.21995751344
22, [ 0.20607955  0.20803527]. ,1.22003244858,1.22003246621,22, [ 0.7250575   0.24955239]. ,0.585089003261,1.16776151885,22, [ 0.64645987  0.12641844]. ,0.398985584973,1.21783919921,22, [ 0.0568814   0.76652732]. ,0.32597790532,1.21967481427,22, [ 0.23102698  0.16269963]. ,1.18069195171,1.21988776397,22, [ 0.22381174  0.20142423]. ,1.2144203473,1.21995751344
23, [ 0.20610297  0.20801101]. ,1.22003235548,1.22003246621,23, [ 0.80640036  0.53395473]. ,0.322141679313,1.16776151885,23, [ 0.25487186  0.24646476]. ,1.16263999066,1.21783919921,23, [ 0.1962943   0.02256451]. ,0.898934850317,1.21967481427,23, [ 0.16756722  0.07443489]. ,1.01189862698,1.21988776397,23, [ 0.20149456  0.19012674]. ,1.21513886358,1.21995751344
24, [ 0.2061242   0.20799792]. ,1.2200322566,1.22003246621,24, [ 0.5315368   0.62722358]. ,0.20278487265,1.16776151885,24, [ 0.16438907  0.22813193]. ,1.18808371477,1.21783919921,24, [ 0.24116521  0.23356736]. ,1.1917985864,1.21967481427,24, [ 0.19954475  0.19378211]. ,1.2165239952,1.21988776397,24, [ 0.20130567  0.15029155]. ,1.17419020652,1.21995751344
25, [ 0.20613334  0.20798996]. ,1.22003220383,1.22003246621,25, [ 0.37248403  0.38669254]. ,0.617022920651,1.16776151885,25, [ 0.23743536  0.2346449 ]. ,1.19474571821,1.21783919921,25, [ 0.1966882   0.23748331]. ,1.20571492821,1.21967481427,25, [ 0.1913602   0.21801898]. ,1.21521140032,1.21988776397,25, [ 0.23309382  0.2211209 ]. ,1.20638454756,1.21995751344
26, [ 0.20613984  0.20798403]. ,1.22003216295,1.22003246621,26, [ 0.67093079  0.06717284]. ,0.334780924495,1.16776151885,26, [ 0.18302004  0.1938243 ]. ,1.20954578754,1.21783919921,26, [ 0.20572484  0.20840987]. ,1.22002950114,1.22002950114,26, [ 0.37751275  0.37131041]. ,0.639778722146,1.21988776397,26, [ 0.15591333  0.23371515]. ,1.17319456101,1.21995751344
27, [ 0.20614238  0.20798068]. ,1.22003214412,1.22003246621,27, [ 0.25227363  0.63334785]. ,0.330524069625,1.16776151885,27, [ 0.49592702  0.26667345]. ,0.539839492074,1.21783919921,27, [ 0.98371158  0.05017535]. ,0.131208434659,1.22002950114,27, [ 0.21460752  0.22510194]. ,1.21466575717,1.21988776397,27, [ 0.2129035   0.26470986]. ,1.17208631782,1.21995751344
28, [ 0.20614499  0.2079864 ]. ,1.22003214376,1.22003246621,28, [ 0.81725881  0.387576  ]. ,0.571957963119,1.16776151885,28, [ 0.41792496  0.50906069]. ,0.354242115115,1.21783919921,28, [ 0.77772791  0.85832294]. ,0.0867774132693,1.22002950114,28, [ 0.17607706  0.24800714]. ,1.18270099304,1.21988776397,28, [ 0.22919461  0.18751219]. ,1.20530559476,1.21995751344
29, [ 0.2061463   0.20797629]. ,1.22003211579,1.22003246621,29, [ 0.4784824   0.01903897]. ,0.472536915604,1.16776151885,29, [ 0.20896841  0.1484374 ]. ,1.17094153543,1.21783919921,29, [ 0.1865901  0.1882322]. ,1.20913905659,1.22002950114,29, [ 0.20518966  0.16785974]. ,1.19720562048,1.21988776397,29, [ 0.19624255  0.20881121]. ,1.21857356284,1.21995751344
30, [ 0.20614908  0.20797635]. ,1.22003210248,1.22003246621,30, [ 0.33633472  0.27199298]. ,0.938507847899,1.16776151885,30, [ 0.25274366  0.19434119]. ,1.18350984821,1.21783919921,30, [ 0.2107631   0.23672048]. ,1.20753833876,1.22002950114,30, [ 0.25992391  0.12890932]. ,1.09315640245,1.21988776397,30, [ 0.18324252  0.19888129]. ,1.21125773349,1.21995751344
31, [ 0.20614742  0.20797412]. ,1.22003210534,1.22003246621,31, [ 0.14499577  0.55462141]. ,0.440621972234,1.16776151885,31, [ 0.22604286  0.20256007]. ,1.2133275231,1.21783919921,31, [ 0.42754186  0.16086029]. ,0.682236039618,1.22002950114,31, [ 0.21937622  0.20338994]. ,1.21691458618,1.21988776397,31, [ 0.2601858   0.18418242]. ,1.16658875586,1.21995751344
32, [ 0.20614525  0.20797507]. ,1.22003211796,1.22003246621,32, [ 0.32323358  0.01354432]. ,0.744312614579,1.16776151885,32, [ 0.16604723  0.17338195]. ,1.18189404196,1.21783919921,32, [ 0.16823658  0.18993474]. ,1.19519797979,1.22002950114,32, [ 0.17038399  0.15133648]. ,1.1612155475,1.21988776397,32, [ 0.21019453  0.21680274]. ,1.21865316162,1.21995751344
33, [ 0.20614887  0.2079755 ]. ,1.22003210156,1.22003246621,33, [ 0.99959838  0.03360924]. ,0.115606383975,1.16776151885,33, [ 0.17792242  0.96201598]. ,0.24863913198,1.21783919921,33, [ 0.22565227  0.21179593]. ,1.21392059226,1.22002950114,33, [ 0.20704066  0.25065713]. ,1.19311146619,1.21988776397,33, [ 0.19623822  0.22863983]. ,1.21217374651,1.21995751344
34, [ 0.20614826  0.20797387]. ,1.22003210069,1.22003246621,34, [ 0.53094373  0.56531399]. ,0.261885454473,1.16776151885,34, [ 0.19783051  0.2396638 ]. ,1.20405492535,1.21783919921,34, [ 0.50169917  0.72546817]. ,0.0419440182063,1.22002950114,34, [ 0.1356698   0.21055238]. ,1.15045380677,1.21988776397,34, [ 0.2040948   0.19935506]. ,1.21888500472,1.21995751344
35, [ 0.20614829  0.20797351]. ,1.22003209969,1.22003246621,35, [ 0.79790276  0.03726872]. ,0.251941634971,1.16776151885,35, [ 0.19280892  0.23347514]. ,1.20761866329,1.21783919921,35, [ 0.20617802  0.20788551]. ,1.22003161619,1.22003161619,35, [ 0.24464948  0.24058483]. ,1.18201265793,1.21988776397,35, [ 0.21568603  0.20607878]. ,1.21851816395,1.21995751344
36, [ 0.20614714  0.2079736 ]. ,1.22003210546,1.22003246621,36, [ 0.48684858  0.60725821]. ,0.225793309623,1.16776151885,36, [ 0.23574367  0.23565516]. ,1.19551421302,1.21783919921,36, [ 0.24124434  0.20823181]. ,1.20090708569,1.22003161619,36, [ 0.1964096   0.20601353]. ,1.21859352301,1.21988776397,36, [ 0.22027843  0.22578006]. ,1.21237447912,1.21995751344
37, [ 0.20614857  0.20797314]. ,1.22003209744,1.22003246621,37, [ 0.46419587  0.79118669]. ,-0.0447663570393,1.16776151885,37, [ 0.50568281  0.5303569 ]. ,0.295623700612,1.21783919921,37, [ 0.25629238  0.1904135 ]. ,1.17646296154,1.22003161619,37, [ 0.24911832  0.20562151]. ,1.19132646596,1.21988776397,37, [ 0.1475054   0.19519725]. ,1.16981283507,1.21995751344
38, [ 0.20614596  0.20797418]. ,1.22003211248,1.22003246621,38, [ 0.60979258  0.52341383]. ,0.320857865548,1.16776151885,38, [ 0.23657153  0.22965305]. ,1.19905645184,1.21783919921,38, [ 0.20622297  0.20790582]. ,1.22003141925,1.22003161619,38, [ 0.18606961  0.18806263]. ,1.20875724566,1.21988776397,38, [ 0.17723514  0.16586379]. ,1.18469169702,1.21995751344
39, [ 0.20614208  0.20798684]. ,1.22003215828,1.22003246621,39, [ 0.45249985  0.74785722]. ,-0.0237617044287,1.16776151885,39, [ 0.16680883  0.17479188]. ,1.18389624024,1.21783919921,39, [ 0.8709676   0.34233408]. ,0.520046346396,1.22003161619,39, [ 0.20264297  0.22278457]. ,1.21661005443,1.21988776397,39, [ 0.20801207  0.24185385]. ,1.20302633465,1.21995751344
40, [ 0.20614567  0.20797268]. ,1.22003211034,1.22003246621,40, [ 0.86224737  0.82042856]. ,0.0712753594916,1.16776151885,40, [ 0.18170239  0.23278357]. ,1.20177250993,1.21783919921,40, [ 0.20618308  0.20792611]. ,1.22003176507,1.22003176507,40, [ 0.22147009  0.21508054]. ,1.21568506578,1.21988776397,40, [ 0.18985432  0.18856882]. ,1.21096437332,1.21995751344
41, [ 0.2061496   0.20797108]. ,1.22003208741,1.22003246621,41, [ 0.69736269  0.92405732]. ,0.100402876022,1.16776151885,41, [ 0.2246217   0.17975926]. ,1.20278232549,1.21783919921,41, [ 0.19128916  0.40740527]. ,0.772089835894,1.22003176507,41, [ 0.1627702   0.31921413]. ,1.02711577823,1.21988776397,41, [ 0.18699438  0.20844319]. ,1.21458193374,1.21995751344
42, [ 0.20615085  0.20797207]. ,1.22003208373,1.22003246621,42, [ 0.1187588   0.31034271]. ,0.986371258551,1.16776151885,42, [ 0.14221872  0.22312104]. ,1.15821155331,1.21783919921,42, [ 0.17076028  0.2268371 ]. ,1.19596981715,1.22003176507,42, [ 0.23629052  0.18071737]. ,1.1946603303,1.21988776397,42, [ 0.2282072   0.21030551]. ,1.21238800892,1.21995751344
43, [ 0.20615318  0.20797273]. ,1.2200320737,1.22003246621,43, [ 0.97376345  0.69335485]. ,0.0686049000075,1.16776151885,43, [ 0.2358365   0.39732403]. ,0.791764809948,1.21783919921,43, [ 0.23158299  0.18121804]. ,1.1991295684,1.22003176507,43, [ 0.17899689  0.21557663]. ,1.2081230331,1.21988776397,43, [ 0.17859232  0.22818336]. ,1.20244813811,1.21995751344
44, [ 0.20615026  0.20797113]. ,1.2200320843,1.22003246621,44, [ 0.27612278  0.89736162]. ,0.228337918703,1.16776151885,44, [ 0.2222266   0.19255843]. ,1.21229482576,1.21783919921,44, [ 0.22295001  0.18805857]. ,1.20955483526,1.22003176507,44, [ 0.21024503  0.19698629]. ,1.21792575785,1.21988776397,44, [ 0.24716957  0.25103444]. ,1.16759879761,1.21995751344
45, [ 0.19645072  0.        ]. ,0.852671412257,1.22003246621,45, [ 0.02318601  0.82521836]. ,0.313638968274,1.16776151885,45, [ 0.19491937  0.20886479]. ,1.2181541223,1.2181541223,45, [ 0.25218198  0.20371739]. ,1.18693247468,1.22003176507,45, [ 0.23011567  0.2657337 ]. ,1.16266220801,1.21988776397,45, [ 0.2192834   0.18977741]. ,1.21227287431,1.21995751344
46, [ 0.20588202  0.20787147]. ,1.22003193292,1.22003246621,46, [ 0.07341882  0.4491764 ]. ,0.596977453944,1.16776151885,46, [ 0.23909104  0.24252447]. ,1.18612162914,1.2181541223,46, [ 0.20617629  0.20821302]. ,1.22003168207,1.22003176507,46, [ 0.2006811   0.18192954]. ,1.20992979206,1.21988776397,46, [ 0.20746149  0.16965166]. ,1.1990202655,1.21995751344
47, [ 0.20590751  0.20787017]. ,1.22003199798,1.22003246621,47, [ 0.89085139  0.99400903]. ,0.0528241773957,1.16776151885,47, [ 0.20027604  0.14494934]. ,1.16583403989,1.2181541223,47, [ 0.24219589  0.16905775]. ,1.17762348597,1.22003176507,47, [ 0.31231406  0.20096654]. ,1.05597451471,1.21988776397,47, [ 0.2034714   0.21126225]. ,1.21977706814,1.21995751344
48, [ 0.205931    0.20787075]. ,1.22003204964,1.22003246621,48, [ 0.0714403   0.74382477]. ,0.330744420946,1.16776151885,48, [ 0.19090575  0.25250011]. ,1.18713995584,1.2181541223,48, [ 0.14637307  0.18892981]. ,1.16589417546,1.22003176507,48, [ 0.16842572  0.17690656]. ,1.18727770022,1.21988776397,48, [ 0.20368086  0.18253178]. ,1.2106270704,1.21995751344
49, [ 0.20594887  0.20786883]. ,1.22003206519,1.22003246621,49, [ 0.63130378  0.7030484 ]. ,0.156086761243,1.16776151885,49, [ 0.22242213  0.236556  ]. ,1.20404619917,1.2181541223,49, [ 0.24929535  0.22488678]. ,1.1873993259,1.22003176507,49, [ 0.18279031  0.23031657]. ,1.20428647014,1.21988776397,49, [ 0.21103925  0.20104371]. ,1.21889347768,1.21995751344
50, [ 0.20596438  0.20786913]. ,1.22003208111,1.22003246621,50, [ 0.86033247  0.74940203]. ,0.0857272370506,1.16776151885,50, [ 0.20562693  0.18184513]. ,1.21014900008,1.2181541223,50, [ 0.16256707  0.99551645]. ,0.244759278658,1.22003176507,50, [ 0.22694496  0.22876561]. ,1.20713926689,1.21988776397,50, [ 0.2054579   0.22282236]. ,1.21678716095,1.21995751344
51, [ 0.20597971  0.20787162]. ,1.22003210124,1.22003246621,51, [ 0.94990761  0.71881735]. ,0.0688059308192,1.16776151885,51, [ 0.20194342  0.17096795]. ,1.20042469807,1.2181541223,51, [ 0.2014615   0.23419443]. ,1.20950257166,1.22003176507,51, [ 0.21024277  0.2356397 ]. ,1.20850527174,1.21988776397,51, [ 0.21245878  0.21126013]. ,1.21925376003,1.21995751344
52, [ 0.20599294  0.20787379]. ,1.22003211287,1.22003246621,52, [ 0.40524633  0.56951772]. ,0.297823919945,1.16776151885,52, [ 0.22105281  0.20141592]. ,1.21582676904,1.2181541223,52, [ 0.19972828  0.24231061]. ,1.20190964178,1.22003176507,52, [ 0.16912818  0.20496788]. ,1.1999314287,1.21988776397,52, [ 0.24114498  0.22955947]. ,1.19454620591,1.21995751344
53, [ 0.20600089  0.20787597]. ,1.22003212173,1.22003246621,53, [ 0.76453203  0.93545616]. ,0.0826397317848,1.16776151885,53, [ 0.16269354  0.21407491]. ,1.19177058357,1.2181541223,53, [ 0.20616665  0.20819263]. ,1.22003182292,1.22003182292,53, [ 0.22198209  0.19289419]. ,1.21257163401,1.21988776397,53, [ 0.1758959   0.26267097]. ,1.16254445524,1.21995751344
54, [ 0.20600527  0.20787715]. ,1.22003212562,1.22003246621,54, [ 0.22428704  0.81597667]. ,0.266578833523,1.16776151885,54, [ 0.21174109  0.19959258]. ,1.21843822563,1.21843822563,54, [ 0.22475004  0.19517462]. ,1.21202636845,1.22003182292,54, [ 0.23037954  0.20681131]. ,1.21083085734,1.21988776397,54, [ 0.21778891  0.19952024]. ,1.21675203459,1.21995751344
55, [ 0.20601417  0.20787786]. ,1.22003212311,1.22003246621,55, [ 0.14649893  0.2615896 ]. ,1.12784410959,1.16776151885,55, [ 0.22285731  0.22518715]. ,1.21146372046,1.21843822563,55, [ 0.00572093  0.6513199 ]. ,0.376169340023,1.22003182292,55, [ 0.21939577  0.17314611]. ,1.19948992235,1.21988776397,55, [ 0.20060289  0.20429451]. ,1.21940030259,1.21995751344
56, [ 0.2060216   0.20787893]. ,1.22003212158,1.22003246621,56, [ 0.02509736  0.23505943]. ,0.87295712841,1.16776151885,56, [ 0.24432884  0.22478164]. ,1.19360925148,1.21843822563,56, [ 0.12822995  0.26518088]. ,1.09047381166,1.22003182292,56, [ 0.15729661  0.23817356]. ,1.17147088847,1.21988776397,56, [ 0.21429283  0.22146176]. ,1.21637782263,1.21995751344
57, [ 0.20602979  0.20788281]. ,1.22003213135,1.22003246621,57, [ 0.67280169  0.1177903 ]. ,0.38699498418,1.16776151885,57, [ 0.19944016  0.24027536]. ,1.2038569433,1.21843822563,57, [ 0.22780076  0.19935013]. ,1.21147532923,1.22003182292,57, [ 0.24661958  0.2231156 ]. ,1.19160861724,1.21988776397,57, [ 0.19398751  0.2157805 ]. ,1.21689140787,1.21995751344
58, [ 0.20603224  0.20788299]. ,1.22003212901,1.22003246621,58, [ 0.39386622  0.37270951]. ,0.603926757768,1.16776151885,58, [ 0.21474649  0.42614848]. ,0.711420385447,1.21843822563,58, [ 0.78149024  0.15158791]. ,0.415903807208,1.22003182292,58, [ 0.10170529  0.12191153]. ,1.02012627146,1.21988776397,58, [ 0.24348922  0.21356086]. ,1.19805776925,1.21995751344
59, [ 0.20603928  0.20788597]. ,1.22003213321,1.22003246621,59, [ 0.02034394  0.4390246 ]. ,0.571098401694,1.16776151885,59, [ 0.2373618   0.22038644]. ,1.20283383479,1.21843822563,59, [ 0.23948871  0.22122151]. ,1.20042324378,1.22003182292,59, [ 0.19159157  0.19814522]. ,1.21560531018,1.21988776397,59, [ 0.2302065   0.19704798]. ,1.20906206216,1.21995751344
60, [ 0.20604303  0.20788776]. ,1.22003213572,1.22003246621,60, [ 0.1021211  0.188699 ]. ,1.07862642752,1.16776151885,60, [ 0.15840637  0.24795158]. ,1.16308467897,1.21843822563,60, [ 0.19392782  0.16167234]. ,1.18849578488,1.22003182292,60, [ 0.19180289  0.25179442]. ,1.18845414205,1.21988776397,60, [ 0.20887302  0.19020937]. ,1.21523259456,1.21995751344
61, [ 0.20604783  0.20788988]. ,1.22003213736,1.22003246621,61, [ 0.04914454  0.61654242]. ,0.390978294262,1.16776151885,61, [ 0.2122389   0.14040149]. ,1.1571012378,1.21843822563,61, [ 0.97945076  0.79723958]. ,0.0491738613111,1.22003182292,61, [ 0.20013645  0.21403859]. ,1.21895355397,1.21988776397,61, [ 0.19873369  0.19560928]. ,1.21706022742,1.21995751344
62, [ 0.20604913  0.20789181]. ,1.22003214409,1.22003246621,62, [ 0.50999183  0.45558884]. ,0.370991571618,1.16776151885,62, [ 0.17457187  0.18054118]. ,1.19578000272,1.21843822563,62, [ 0.67164292  0.38916462]. ,0.554451901262,1.22003182292,62, [ 0.19316959  0.15653005]. ,1.18165818001,1.21988776397,62, [ 0.22338243  0.17760683]. ,1.20167074335,1.21995751344
63, [ 0.20604977  0.20789354]. ,1.22003215097,1.22003246621,63, [ 0.41679051  0.86034306]. ,0.0623133302035,1.16776151885,63, [ 0.73012374  0.16243695]. ,0.450098588018,1.21843822563,63, [ 0.18149763  0.24445221]. ,1.19106015619,1.22003182292,63, [ 0.20434998  0.20282017]. ,1.21959709634,1.21988776397,63, [ 0.22110234  0.20843945]. ,1.21652215784,1.21995751344
64, [ 0.20605221  0.20789445]. ,1.22003215049,1.22003246621,64, [ 0.17250556  0.12173989]. ,1.11406869416,1.16776151885,64, [ 0.1964664   0.21236961]. ,1.21834519831,1.21843822563,64, [ 0.16562006  0.20407306]. ,1.19600427982,1.22003182292,64, [ 0.21211666  0.21686917]. ,1.21834232876,1.21988776397,64, [ 0.18006763  0.21318363]. ,1.20946200719,1.21995751344
65, [ 0.20605649  0.20789525]. ,1.22003214543,1.22003246621,65, [ 0.61125089  0.86551646]. ,0.118295096568,1.16776151885,65, [ 0.20570308  0.24531315]. ,1.19941075656,1.21843822563,65, [ 0.19234316  0.27072276]. ,1.15952686892,1.22003182292,65, [ 0.16854547  0.26909301]. ,1.14502505124,1.21988776397,65, [ 0.24119921  0.18815033]. ,1.19484890034,1.21995751344
66, [ 0.20605541  0.20789841]. ,1.22003216215,1.22003246621,66, [ 0.45256467  0.62617654]. ,0.20954307335,1.16776151885,66, [ 0.19519383  0.25300521]. ,1.18818614576,1.21843822563,66, [ 0.16093701  0.18124781]. ,1.18208017794,1.22003182292,66, [ 0.19394859  0.22668576]. ,1.21253866558,1.21988776397,66, [ 0.17299906  0.19805932]. ,1.20280590682,1.21995751344
67, [ 0.20605842  0.2079003 ]. ,1.22003216424,1.22003246621,67, [ 0.68499472  0.70264472]. ,0.151636196861,1.16776151885,67, [ 0.23835059  0.49899838]. ,0.51285774586,1.21843822563,67, [ 0.21147032  0.26574638]. ,1.17061322844,1.22003182292,67, [ 0.21541658  0.15418456]. ,1.17792882742,1.21988776397,67, [ 0.19183184  0.20446915]. ,1.21685589396,1.21995751344
68, [ 0.2060588   0.20789977]. ,1.22003216104,1.22003246621,68, [ 0.22110856  0.04948349]. ,0.950865695085,1.16776151885,68, [ 0.13732226  0.20240336]. ,1.15384754899,1.21843822563,68, [ 0.18669898  0.19840073]. ,1.2132604428,1.22003182292,68, [ 0.17500209  0.19147302]. ,1.20241610442,1.21988776397,68, [ 0.21719706  0.23417623]. ,1.20811558933,1.21995751344
69, [ 0.2060641   0.20789839]. ,1.2200321429,1.22003246621,69, [ 0.45419368  0.22511716]. ,0.626285331685,1.16776151885,69, [ 0.00972434  0.10361774]. ,0.829526053237,1.21843822563,69, [ 0.20605983  0.2081881 ]. ,1.22003222694,1.22003222694,69, [ 0.18803932  0.20937366]. ,1.21512138361,1.21988776397,69, [ 0.20189191  0.23397454]. ,1.20973539256,1.21995751344
70, [ 0.20606262  0.20790209]. ,1.22003216286,1.22003246621,70, [ 0.54063899  0.87706068]. ,0.0999565829602,1.16776151885,70, [ 0.24223633  0.23789815]. ,1.18716470296,1.21843822563,70, [ 0.17551145  0.24717474]. ,1.18315808407,1.22003222694,70, [ 0.25077256  0.16438838]. ,1.16179029066,1.21988776397,70, [ 0.18364047  0.18194487]. ,1.20350949174,1.21995751344
71, [ 0.20606116  0.20790443]. ,1.2200321764,1.22003246621,71, [ 0.9086522   0.03545902]. ,0.17645681627,1.16776151885,71, [ 0.90841706  0.96452902]. ,0.0512088178583,1.21843822563,71, [ 0.26547322  0.20874253]. ,1.16613145143,1.22003222694,71, [ 0.20745888  0.18888345]. ,1.21464139811,1.21988776397,71, [ 0.23307258  0.13607524]. ,1.13799853328,1.21995751344
72, [ 0.20606262  0.20790602]. ,1.22003217998,1.22003246621,72, [ 0.90075378  0.95352526]. ,0.0531041841285,1.16776151885,72, [ 0.18262462  0.19663856]. ,1.21023824613,1.21843822563,72, [ 0.20604823  0.20818803]. ,1.22003224811,1.22003224811,72, [ 0.20435773  0.2298771 ]. ,1.2128960655,1.21988776397,72, [ 0.22494406  0.21913458]. ,1.21280879575,1.21995751344
73, [ 0.20606381  0.20790385]. ,1.22003216783,1.22003246621,73, [ 0.15400471  0.85226443]. ,0.280626062452,1.16776151885,73, [ 0.17481855  0.23984725]. ,1.1901474145,1.21843822563,73, [ 0.26216391  0.21285077]. ,1.17162545837,1.22003224811,73, [ 0.15552601  0.21028955]. ,1.18290526421,1.21988776397,73, [ 0.20730911  0.19571974]. ,1.21777115151,1.21995751344
74, [ 0.20606797  0.20790287]. ,1.22003215358,1.22003246621,74, [ 0.68729262  0.43779012]. ,0.502840580614,1.16776151885,74, [ 0.14452906  0.19852876]. ,1.16577468566,1.21843822563,74, [ 0.24413682  0.1985524 ]. ,1.19615096716,1.22003224811,74, [ 0.1922972   0.18137155]. ,1.20740406632,1.21988776397,74, [ 0.20745166  0.212929  ]. ,1.2196535069,1.21995751344
75, [ 0.20606564  0.20790885]. ,1.220032185,1.22003246621,75, [ 0.29488277  0.99420421]. ,0.210287221049,1.16776151885,75, [ 0.23234788  0.23991965]. ,1.19467962429,1.21843822563,75, [ 0.18558024  0.21932818]. ,1.21170126043,1.22003224811,75, [ 0.21430662  0.20812533]. ,1.21897168774,1.21988776397,75, [ 0.19432856  0.22215153]. ,1.21490843578,1.21995751344
76, [ 0.2060693   0.20790812]. ,1.22003217301,1.22003246621,76, [ 0.92733284  0.43299993]. ,0.337279315081,1.16776151885,76, [ 0.19595624  0.17329135]. ,1.20173391395,1.21843822563,76, [ 0.25786425  0.56540339]. ,0.393396474763,1.22003224811,76, [ 0.22578     0.18406611]. ,1.20534824805,1.21988776397,76, [ 0.18984621  0.19549546]. ,1.2140118595,1.21995751344
77, [ 0.20606889  0.20790903]. ,1.22003217788,1.22003246621,77, [ 0.08288847  0.18896464]. ,1.0329752531,1.16776151885,77, [ 0.14755156  0.18556207]. ,1.16616676575,1.21843822563,77, [ 0.23143663  0.25174446]. ,1.18229982802,1.22003224811,77, [ 0.22402121  0.        ]. ,0.839635216323,1.21988776397,77, [ 0.18828963  0.2294807 ]. ,1.2082589405,1.21995751344
78, [ 0.27967813  0.54117788]. ,0.414416857449,1.22003246621,78, [ 0.45164103  0.60129441]. ,0.241674458847,1.16776151885,78, [ 0.15098325  0.24054915]. ,1.1601698708,1.21843822563,78, [ 0.26459103  0.21005292]. ,1.16766577501,1.22003224811,78, [ 0.26652951  0.20457511]. ,1.16398629779,1.21988776397,78, [ 0.20043282  0.22391938]. ,1.21576954362,1.21995751344
79, [ 0.20564417  0.20792099]. ,1.22003051594,1.22003246621,79, [ 0.27212847  0.10092698]. ,1.01644331343,1.16776151885,79, [ 0.96736606  0.79542933]. ,0.0516950150191,1.21843822563,79, [ 0.15718247  0.21046222]. ,1.18518668774,1.22003224811,79, [ 0.17052276  0.12524645]. ,1.11918692932,1.21988776397,79, [ 0.19628512  0.1855398 ]. ,1.21152266808,1.21995751344
80, [ 0.20567557  0.20791259]. ,1.22003080032,1.22003246621,80, [ 0.54557498  0.86219514]. ,0.0924249826834,1.16776151885,80, [ 0.46845428  0.39935037]. ,0.454227117054,1.21843822563,80, [ 0.20440377  0.24626572]. ,1.19829047316,1.22003224811,80, [ 0.24634544  0.19105585]. ,1.19048476674,1.21988776397,80, [ 0.16881268  0.22086215]. ,1.19679878742,1.21995751344
81, [ 0.20569856  0.20790226]. ,1.22003097078,1.22003246621,81, [ 0.36715915  0.77498829]. ,0.0787861561375,1.16776151885,81, [ 0.19874623  0.16159392]. ,1.18944341248,1.21843822563,81, [ 0.25270786  0.19785465]. ,1.18483881005,1.22003224811,81, [ 0.  1.]. ,0.270337161488,1.21988776397,81, [ 0.21492946  0.21545093]. ,1.21804002043,1.21995751344
82, [ 0.20572567  0.20789803]. ,1.22003118143,1.22003246621,82, [ 0.16010156  0.86079485]. ,0.276905853568,1.16776151885,82, [ 0.16898286  0.20304723]. ,1.19963610498,1.21843822563,82, [ 0.34515746  0.01758992]. ,0.711509452104,1.22003224811,82, [ 0.26018918  0.25232835]. ,1.14766196546,1.21988776397,82, [ 0.18183929  0.19141718]. ,1.20775723725,1.21995751344
83, [ 0.20574404  0.20789627]. ,1.22003131575,1.22003246621,83, [ 0.27089522  0.41896845]. ,0.694493550944,1.16776151885,83, [ 0.79029173  0.87076603]. ,0.0823305619203,1.21843822563,83, [ 0.23868888  0.19924188]. ,1.20227717317,1.22003224811,83, [ 0.22248517  0.22208478]. ,1.21306339736,1.21988776397,83, [ 0.22785097  0.22925643]. ,1.20625017674,1.21995751344
84, [ 0.20576564  0.20788872]. ,1.22003143574,1.22003246621,84, [ 0.71660436  0.31518246]. ,0.629549671762,1.16776151885,84, [ 0.00997921  0.69468079]. ,0.357749155824,1.21843822563,84, [ 0.22941868  0.15772032]. ,1.17539560703,1.22003224811,84, [ 0.14423542  0.18582573]. ,1.1610895914,1.21988776397,84, [ 0.19151356  0.21135674]. ,1.21665751023,1.21995751344
85, [ 0.20577983  0.2078851 ]. ,1.2200315121,1.22003246621,85, [ 0.75672881  0.91177417]. ,0.0865554716095,1.16776151885,85, [ 0.25645467  0.18081734]. ,1.16997141913,1.21843822563,85, [ 0.16274911  0.20208431]. ,1.19242148569,1.22003224811,85, [ 0.22336703  0.3017744 ]. ,1.09063623899,1.21988776397,85, [ 0.1989224  0.2005714]. ,1.21850099978,1.21995751344
86, [ 0.20579435  0.20788201]. ,1.22003158635,1.22003246621,86, [ 0.23001227  0.31009517]. ,1.06531653735,1.16776151885,86, [ 0.17140859  0.25795043]. ,1.16541604393,1.21843822563,86, [ 0.2060426   0.20815887]. ,1.22003236159,1.22003236159,86, [ 0.23614172  0.23077768]. ,1.19872913155,1.21988776397,86, [ 0.22249272  0.19515595]. ,1.21326109471,1.21995751344
87, [ 0.20580744  0.20787788]. ,1.22003164076,1.22003246621,87, [ 0.23622013  0.80399419]. ,0.263378665785,1.16776151885,87, [ 0.22071463  0.19286258]. ,1.21316820336,1.21843822563,87, [ 0.06207014  0.08985792]. ,0.908542044166,1.22003236159,87, [ 0.21889352  0.2335467 ]. ,1.20798968153,1.21988776397,87, [ 0.1951236   0.19221554]. ,1.21477419059,1.21995751344
88, [ 0.20582304  0.20787566]. ,1.22003171171,1.22003246621,88, [ 0.97173296  0.98986805]. ,0.0401184099483,1.16776151885,88, [ 0.17532871  0.20380613]. ,1.20590527034,1.21843822563,88, [ 0.16260041  0.23005437]. ,1.18467858103,1.22003236159,88, [ 0.20884731  0.17800236]. ,1.20687193534,1.21988776397,88, [ 0.20517656  0.21715084]. ,1.21879143103,1.21995751344
89, [ 0.20583157  0.20787657]. ,1.22003175796,1.22003246621,89, [ 0.90549643  0.09334452]. ,0.225014316066,1.16776151885,89, [ 0.91950786  0.74081504]. ,0.0717260337187,1.21843822563,89, [ 0.26598254  0.22633828]. ,1.16079630426,1.22003236159,89, [ 0.17268519  0.23288821]. ,1.19395227633,1.21988776397,89, [ 0.15901254  0.17494345]. ,1.17511430004,1.21995751344
90, [ 0.20583877  0.20787533]. ,1.22003178519,1.22003246621,90, [ 0.95787233  0.40748008]. ,0.303067353905,1.16776151885,90, [ 0.92284206  0.45154588]. ,0.323257865865,1.21843822563,90, [ 0.21776262  0.17662343]. ,1.20343220048,1.22003236159,90, [ 0.10349582  0.19995847]. ,1.08346932438,1.21988776397,90, [ 0.23033622  0.20450471]. ,1.21066647506,1.21995751344
91, [ 0.20584993  0.20787295]. ,1.22003182181,1.22003246621,91, [ 0.14582718  0.15731859]. ,1.14013049553,1.16776151885,91, [ 0.2299842   0.21533939]. ,1.21048347023,1.21843822563,91, [ 0.22540211  0.24032277]. ,1.19907349179,1.22003236159,91, [ 0.1870796   0.23964032]. ,1.19955695712,1.21988776397,91, [ 0.18047604  0.20533569]. ,1.21024201596,1.21995751344
92, [ 0.20585902  0.20787226]. ,1.22003185505,1.22003246621,92, [ 0.66281094  0.64890471]. ,0.190529439708,1.16776151885,92, [ 0.16133615  0.19062411]. ,1.18761618375,1.21843822563,92, [ 0.57187572  0.72146954]. ,0.12249851771,1.22003236159,92, [ 0.2257211   0.20010153]. ,1.21300859199,1.21988776397,92, [ 0.21151867  0.20602671]. ,1.21949541889,1.21995751344
93, [ 0.2058675   0.20787152]. ,1.22003188334,1.22003246621,93, [ 0.47682571  0.65118792]. ,0.165754178665,1.16776151885,93, [ 0.18682543  0.19751446]. ,1.21309196349,1.21843822563,93, [ 0.22885828  0.1909689 ]. ,1.20747520188,1.22003236159,93, [ 0.23886353  0.2072936 ]. ,1.20337287368,1.21988776397,93, [ 0.19904496  0.2127385 ]. ,1.21894773919,1.21995751344
94, [ 0.20587464  0.20786963]. ,1.22003189882,1.22003246621,94, [ 0.56016549  0.6252629 ]. ,0.207589948357,1.16776151885,94, [ 0.71555927  0.29410069]. ,0.621296490295,1.21843822563,94, [ 0.83400691  0.17111133]. ,0.408499231818,1.22003236159,94, [ 0.21868352  0.25429029]. ,1.1861198015,1.21988776397,94, [ 0.213559    0.18718174]. ,1.21270396612,1.21995751344
95, [ 0.20587966  0.20787043]. ,1.22003191985,1.22003246621,95, [ 0.13320218  0.13098249]. ,1.08624693172,1.16776151885,95, [ 0.1537315   0.19230516]. ,1.17819948772,1.21843822563,95, [ 0.22745811  0.25938   ]. ,1.17447325001,1.22003236159,95, [ 0.23090695  0.14001509]. ,1.14671688194,1.21988776397,95, [ 0.19642348  0.20445988]. ,1.21848290437,1.21995751344
96, [ 0.20588514  0.20786984]. ,1.22003193428,1.22003246621,96, [ 0.22619462  0.29796586]. ,1.09857193154,1.16776151885,96, [ 0.24146004  0.36068554]. ,0.905749109868,1.21843822563,96, [ 0.72618112  0.68228712]. ,0.155360512697,1.22003236159,96, [ 0.15714591  0.1662835 ]. ,1.16498426498,1.21988776397,96, [ 0.21758763  0.24797174]. ,1.19451643462,1.21995751344
97, [ 0.20589165  0.2078686 ]. ,1.22003194739,1.22003246621,97, [ 0.64713638  0.23303701]. ,0.520710911095,1.16776151885,97, [ 0.2083489   0.18294209]. ,1.21079636367,1.21843822563,97, [ 0.17335793  0.14548265]. ,1.15521855063,1.22003236159,97, [ 0.21628351  0.19692301]. ,1.21650546328,1.21988776397,97, [ 0.20539064  0.20339581]. ,1.21971117673,1.21995751344
98, [ 0.20589693  0.20786882]. ,1.2200319635,1.22003246621,98, [ 0.61030912  0.29537188]. ,0.52713755829,1.16776151885,98, [ 0.20378925  0.20394513]. ,1.21971853074,1.21971853074,98, [ 0.16293644  0.22064594]. ,1.19006411655,1.22003236159,98, [ 0.22318768  0.2089555 ]. ,1.21548021108,1.21988776397,98, [ 0.20277234  0.20756218]. ,1.21987217818,1.21995751344
99, [ 0.20590297  0.20786884]. ,1.22003197964,1.22003246621,99, [ 0.45726493  0.19009847]. ,0.616455424211,1.16776151885,99, [ 0.20608857  0.21760757]. ,1.21868089054,1.21971853074,99, [ 0.89636456  0.38193246]. ,0.448452543103,1.22003236159,99, [ 0.28608228  0.16072836]. ,1.09411925822,1.21988776397,99, [ 0.23420659  0.21278816]. ,1.20751517716,1.21995751344
100, [ 1.          0.40954795]. ,0.224516674759,1.22003246621,100, [ 0.12635922  0.18067113]. ,1.12676043249,1.16776151885,100, [ 0.06176934  0.75272747]. ,0.329555279556,1.21971853074,100, [ 0.62689568  0.01810944]. ,0.325221868525,1.22003236159,100, [ 0.18468672  0.22183966]. ,1.2101741,1.21988776397,100, [ 0.25234719  0.20262449]. ,1.18652287587,1.21995751344
